title,user,code,category,date_upload,status,file,image,academic_year
To Sweden,0000001,0000001,0000001,2/1/2021,pending,,,0000003
To Sweden,0000002,0000002,0000002,2/1/2019,pending,,,0000001
To Sweden,0000003,0000003,0000003,2/1/2020,pending,,,0000002
To Sweden,0000004,0000004,0000004,2/1/2021,pending,,,0000003
To Sweden1,0000001,0000005,0000001,2/1/2019,pending,,,0000001
To Sweden1,0000002,0000006,0000002,2/1/2019,pending,,,0000001
To Sweden1,0000003,0000007,0000003,2/1/2021,pending,,,0000003
To Sweden1,0000004,0000008,0000005,2/1/2021,pending,,,0000003